<annotations><filename>0.jpg</filename><folder>images</folder><size><width>320</width><height>240</height><depth>3</depth></size><object><name>wound</name><pose>Unspecified</pose><truncated>0</truncated><difficult>0</difficult><bndbox><xmin>179.99984</xmin><ymin>117.0</ymin><xmax>244.99984</xmax><ymax>174.0</ymax></bndbox></object><object><name>wound</name><pose>Unspecified</pose><truncated>0</truncated><difficult>0</difficult><bndbox><xmin>193.0</xmin><ymin>75.0</ymin><xmax>265.0</xmax><ymax>135.0</ymax></bndbox></object><object><name>wound</name><pose>Unspecified</pose><truncated>0</truncated><difficult>0</difficult><bndbox><xmin>174.0</xmin><ymin>180.99996</ymin><xmax>260.0</xmax><ymax>239.99987999999996</ymax></bndbox></object></annotations>