<annotations><filename>10.jpg</filename><folder>images</folder><size><width>320</width><height>427</height><depth>3</depth></size><object><name>wound</name><pose>Unspecified</pose><truncated>0</truncated><difficult>0</difficult><bndbox><xmin>176.0</xmin><ymin>118.99977600000001</ymin><xmax>222.0</xmax><ymax>174.999972</ymax></bndbox></object><object><name>wound</name><pose>Unspecified</pose><truncated>0</truncated><difficult>0</difficult><bndbox><xmin>122.0</xmin><ymin>173.999938</ymin><xmax>220.0</xmax><ymax>245.999824</ymax></bndbox></object><object><name>wound</name><pose>Unspecified</pose><truncated>0</truncated><difficult>0</difficult><bndbox><xmin>218.0</xmin><ymin>200.0001815</ymin><xmax>272.0</xmax><ymax>238.00019250000003</ymax></bndbox></object></annotations>