<annotations><filename>1008.jpg</filename><folder>images</folder><size><width>320</width><height>427</height><depth>3</depth></size><object><name>wound</name><pose>Unspecified</pose><truncated>0</truncated><difficult>0</difficult><bndbox><xmin>112.99984</xmin><ymin>104.00012</ymin><xmax>173.99984</xmax><ymax>179.000108</ymax></bndbox></object><object><name>wound</name><pose>Unspecified</pose><truncated>0</truncated><difficult>0</difficult><bndbox><xmin>76.0</xmin><ymin>184.999885</ymin><xmax>172.0</xmax><ymax>261.999941</ymax></bndbox></object><object><name>wound</name><pose>Unspecified</pose><truncated>0</truncated><difficult>0</difficult><bndbox><xmin>175.0</xmin><ymin>198.99993400000002</ymin><xmax>227.0</xmax><ymax>254.000096</ymax></bndbox></object></annotations>