<annotations><filename>1009.jpg</filename><folder>images</folder><size><width>320</width><height>427</height><depth>3</depth></size><object><name>wound</name><pose>Unspecified</pose><truncated>0</truncated><difficult>0</difficult><bndbox><xmin>33.0</xmin><ymin>221.99986199999998</ymin><xmax>79.0</xmax><ymax>269.999786</ymax></bndbox></object><object><name>wound</name><pose>Unspecified</pose><truncated>0</truncated><difficult>0</difficult><bndbox><xmin>123.0</xmin><ymin>152.9998645</ymin><xmax>207.0</xmax><ymax>217.99993949999998</ymax></bndbox></object><object><name>wound</name><pose>Unspecified</pose><truncated>0</truncated><difficult>0</difficult><bndbox><xmin>84.99984</xmin><ymin>28.999918500000007</ymin><xmax>143.99984</xmax><ymax>98.0001295</ymax></bndbox></object></annotations>