<annotations><filename>1011.jpg</filename><folder>images</folder><size><width>320</width><height>427</height><depth>3</depth></size><object><name>wound</name><pose>Unspecified</pose><truncated>0</truncated><difficult>0</difficult><bndbox><xmin>118.0</xmin><ymin>124.99976649999999</ymin><xmax>188.0</xmax><ymax>190.9998755</ymax></bndbox></object><object><name>wound</name><pose>Unspecified</pose><truncated>0</truncated><difficult>0</difficult><bndbox><xmin>120.00016</xmin><ymin>239.00001300000002</ymin><xmax>217.00016</xmax><ymax>311.999933</ymax></bndbox></object></annotations>