<annotations><filename>1019.jpg</filename><folder>images</folder><size><width>320</width><height>427</height><depth>3</depth></size><object><name>wound</name><pose>Unspecified</pose><truncated>0</truncated><difficult>0</difficult><bndbox><xmin>4.999840000000006</xmin><ymin>124.99998000000001</ymin><xmax>85.99984</xmax><ymax>202.00003600000002</ymax></bndbox></object><object><name>wound</name><pose>Unspecified</pose><truncated>0</truncated><difficult>0</difficult><bndbox><xmin>83.00016000000001</xmin><ymin>217.9999395</ymin><xmax>170.00016</xmax><ymax>274.9997425</ymax></bndbox></object></annotations>