<annotations><filename>103.jpg</filename><folder>images</folder><size><width>320</width><height>240</height><depth>3</depth></size><object><name>wound</name><pose>Unspecified</pose><truncated>0</truncated><difficult>0</difficult><bndbox><xmin>180.0</xmin><ymin>145.00008</ymin><xmax>224.0</xmax><ymax>196.00008</ymax></bndbox></object><object><name>wound</name><pose>Unspecified</pose><truncated>0</truncated><difficult>0</difficult><bndbox><xmin>163.99984</xmin><ymin>8.000040000000013</ymin><xmax>254.99984</xmax><ymax>123.00012000000001</ymax></bndbox></object></annotations>