<annotations><filename>1036.jpg</filename><folder>images</folder><size><width>320</width><height>427</height><depth>3</depth></size><object><name>wound</name><pose>Unspecified</pose><truncated>0</truncated><difficult>0</difficult><bndbox><xmin>104.99983999999999</xmin><ymin>293.00014100000004</ymin><xmax>139.99984</xmax><ymax>336.999929</ymax></bndbox></object><object><name>wound</name><pose>Unspecified</pose><truncated>0</truncated><difficult>0</difficult><bndbox><xmin>138.00016</xmin><ymin>71.000279</ymin><xmax>183.00016</xmax><ymax>116.000101</ymax></bndbox></object></annotations>