<annotations><filename>104.jpg</filename><folder>images</folder><size><width>320</width><height>427</height><depth>3</depth></size><object><name>wound</name><pose>Unspecified</pose><truncated>0</truncated><difficult>0</difficult><bndbox><xmin>96.00016</xmin><ymin>133.0000385</ymin><xmax>135.00016</xmax><ymax>197.0000795</ymax></bndbox></object><object><name>wound</name><pose>Unspecified</pose><truncated>0</truncated><difficult>0</difficult><bndbox><xmin>94.0</xmin><ymin>216.000085</ymin><xmax>118.0</xmax><ymax>259.999873</ymax></bndbox></object></annotations>