<annotations><filename>1046.jpg</filename><folder>images</folder><size><width>320</width><height>427</height><depth>3</depth></size><object><name>wound</name><pose>Unspecified</pose><truncated>0</truncated><difficult>0</difficult><bndbox><xmin>101.0</xmin><ymin>164.00023849999997</ymin><xmax>151.0</xmax><ymax>272.0000675</ymax></bndbox></object><object><name>wound</name><pose>Unspecified</pose><truncated>0</truncated><difficult>0</difficult><bndbox><xmin>160.99984</xmin><ymin>116.99992150000001</ymin><xmax>197.99984</xmax><ymax>159.0000685</ymax></bndbox></object><object><name>wound</name><pose>Unspecified</pose><truncated>0</truncated><difficult>0</difficult><bndbox><xmin>187.99984</xmin><ymin>193.9999775</ymin><xmax>236.99984</xmax><ymax>305.9999425</ymax></bndbox></object></annotations>