<annotations><filename>1054.jpg</filename><folder>images</folder><size><width>320</width><height>427</height><depth>3</depth></size><object><name>wound</name><pose>Unspecified</pose><truncated>0</truncated><difficult>0</difficult><bndbox><xmin>132.0</xmin><ymin>209.00006050000002</ymin><xmax>176.0</xmax><ymax>250.00017350000002</ymax></bndbox></object><object><name>wound</name><pose>Unspecified</pose><truncated>0</truncated><difficult>0</difficult><bndbox><xmin>169.00016</xmin><ymin>109.999897</ymin><xmax>218.00016</xmax><ymax>154.999719</ymax></bndbox></object></annotations>