<annotations><filename>1057.jpg</filename><folder>images</folder><size><width>320</width><height>427</height><depth>3</depth></size><object><name>wound</name><pose>Unspecified</pose><truncated>0</truncated><difficult>0</difficult><bndbox><xmin>96.0</xmin><ymin>106.00018799999998</ymin><xmax>158.0</xmax><ymax>155.00014599999997</ymax></bndbox></object><object><name>wound</name><pose>Unspecified</pose><truncated>0</truncated><difficult>0</difficult><bndbox><xmin>101.00016</xmin><ymin>166.9999135</ymin><xmax>162.00016</xmax><ymax>252.99984849999998</ymax></bndbox></object></annotations>