<annotations><filename>1059.jpg</filename><folder>images</folder><size><width>320</width><height>427</height><depth>3</depth></size><object><name>wound</name><pose>Unspecified</pose><truncated>0</truncated><difficult>0</difficult><bndbox><xmin>70.99984</xmin><ymin>167.00012700000002</ymin><xmax>147.99984</xmax><ymax>268.00014500000003</ymax></bndbox></object><object><name>wound</name><pose>Unspecified</pose><truncated>0</truncated><difficult>0</difficult><bndbox><xmin>151.99984</xmin><ymin>233.00002249999997</ymin><xmax>206.99984</xmax><ymax>290.99985949999996</ymax></bndbox></object><object><name>wound</name><pose>Unspecified</pose><truncated>0</truncated><difficult>0</difficult><bndbox><xmin>133.0</xmin><ymin>95.00002749999999</ymin><xmax>203.0</xmax><ymax>178.99989449999998</ymax></bndbox></object></annotations>