<annotations><filename>106.jpg</filename><folder>images</folder><size><width>320</width><height>427</height><depth>3</depth></size><object><name>wound</name><pose>Unspecified</pose><truncated>0</truncated><difficult>0</difficult><bndbox><xmin>71.00016000000001</xmin><ymin>177.99986049999998</ymin><xmax>144.00016</xmax><ymax>272.0000675</ymax></bndbox></object><object><name>wound</name><pose>Unspecified</pose><truncated>0</truncated><difficult>0</difficult><bndbox><xmin>195.0</xmin><ymin>179.99971499999998</ymin><xmax>283.0</xmax><ymax>260.999907</ymax></bndbox></object><object><name>wound</name><pose>Unspecified</pose><truncated>0</truncated><difficult>0</difficult><bndbox><xmin>112.99984</xmin><ymin>57.999837</ymin><xmax>211.99984</xmax><ymax>162.99999100000002</ymax></bndbox></object></annotations>