<annotations><filename>1065.jpg</filename><folder>images</folder><size><width>320</width><height>240</height><depth>3</depth></size><object><name>wound</name><pose>Unspecified</pose><truncated>0</truncated><difficult>0</difficult><bndbox><xmin>106.00016</xmin><ymin>70.99992</ymin><xmax>155.00016</xmax><ymax>124.99992</ymax></bndbox></object><object><name>wound</name><pose>Unspecified</pose><truncated>0</truncated><difficult>0</difficult><bndbox><xmin>150.99984</xmin><ymin>149.99988000000002</ymin><xmax>181.99984</xmax><ymax>198.99996</ymax></bndbox></object></annotations>