<annotations><filename>1069.jpg</filename><folder>images</folder><size><width>320</width><height>427</height><depth>3</depth></size><object><name>wound</name><pose>Unspecified</pose><truncated>0</truncated><difficult>0</difficult><bndbox><xmin>68.00016</xmin><ymin>343.000133</ymin><xmax>163.00016</xmax><ymax>416.000053</ymax></bndbox></object><object><name>wound</name><pose>Unspecified</pose><truncated>0</truncated><difficult>0</difficult><bndbox><xmin>101.0</xmin><ymin>205.000138</ymin><xmax>227.0</xmax><ymax>335.00028799999995</ymax></bndbox></object></annotations>