<annotations><filename>1070.jpg</filename><folder>images</folder><size><width>320</width><height>427</height><depth>3</depth></size><object><name>wound</name><pose>Unspecified</pose><truncated>0</truncated><difficult>0</difficult><bndbox><xmin>53.0</xmin><ymin>90.99989150000002</ymin><xmax>121.0</xmax><ymax>152.9998645</ymax></bndbox></object><object><name>wound</name><pose>Unspecified</pose><truncated>0</truncated><difficult>0</difficult><bndbox><xmin>126.0</xmin><ymin>203.99989050000002</ymin><xmax>232.0</xmax><ymax>289.99982550000004</ymax></bndbox></object></annotations>