<annotations><filename>1071.jpg</filename><folder>images</folder><size><width>320</width><height>427</height><depth>3</depth></size><object><name>wound</name><pose>Unspecified</pose><truncated>0</truncated><difficult>0</difficult><bndbox><xmin>71.0</xmin><ymin>261.0001205</ymin><xmax>143.0</xmax><ymax>325.0001615</ymax></bndbox></object><object><name>wound</name><pose>Unspecified</pose><truncated>0</truncated><difficult>0</difficult><bndbox><xmin>160.00016</xmin><ymin>43.000181</ymin><xmax>215.00016</xmax><ymax>90.00007099999999</ymax></bndbox></object></annotations>