<annotations><filename>1072.jpg</filename><folder>images</folder><size><width>320</width><height>427</height><depth>3</depth></size><object><name>wound</name><pose>Unspecified</pose><truncated>0</truncated><difficult>0</difficult><bndbox><xmin>92.99984</xmin><ymin>196.000259</ymin><xmax>173.99984</xmax><ymax>291.000073</ymax></bndbox></object><object><name>wound</name><pose>Unspecified</pose><truncated>0</truncated><difficult>0</difficult><bndbox><xmin>141.0</xmin><ymin>87.99978950000002</ymin><xmax>225.0</xmax><ymax>179.9999285</ymax></bndbox></object><object><name>wound</name><pose>Unspecified</pose><truncated>0</truncated><difficult>0</difficult><bndbox><xmin>230.00016</xmin><ymin>205.00013800000002</ymin><xmax>287.00016</xmax><ymax>279.000092</ymax></bndbox></object><object><name>wound</name><pose>Unspecified</pose><truncated>0</truncated><difficult>0</difficult><bndbox><xmin>284.0</xmin><ymin>243.99996949999996</ymin><xmax>320.0</xmax><ymax>283.00001449999996</ymax></bndbox></object></annotations>