<annotations><filename>108.jpg</filename><folder>images</folder><size><width>320</width><height>427</height><depth>3</depth></size><object><name>wound</name><pose>Unspecified</pose><truncated>0</truncated><difficult>0</difficult><bndbox><xmin>35.999840000000006</xmin><ymin>197.99989999999997</ymin><xmax>94.99984</xmax><ymax>296.99985</ymax></bndbox></object><object><name>wound</name><pose>Unspecified</pose><truncated>0</truncated><difficult>0</difficult><bndbox><xmin>95.0</xmin><ymin>167.00012699999996</ymin><xmax>287.0</xmax><ymax>318.000137</ymax></bndbox></object></annotations>