<annotations><filename>109.jpg</filename><folder>images</folder><size><width>320</width><height>427</height><depth>3</depth></size><object><name>wound</name><pose>Unspecified</pose><truncated>0</truncated><difficult>0</difficult><bndbox><xmin>94.99984</xmin><ymin>121.99987800000001</ymin><xmax>169.99984</xmax><ymax>192.99973</ymax></bndbox></object><object><name>wound</name><pose>Unspecified</pose><truncated>0</truncated><difficult>0</difficult><bndbox><xmin>89.00016</xmin><ymin>185.00009849999998</ymin><xmax>132.00016</xmax><ymax>223.0001095</ymax></bndbox></object></annotations>