<annotations><filename>1091.jpg</filename><folder>images</folder><size><width>320</width><height>427</height><depth>3</depth></size><object><name>wound</name><pose>Unspecified</pose><truncated>0</truncated><difficult>0</difficult><bndbox><xmin>65.0</xmin><ymin>174.0001515</ymin><xmax>103.0</xmax><ymax>209.0000605</ymax></bndbox></object><object><name>wound</name><pose>Unspecified</pose><truncated>0</truncated><difficult>0</difficult><bndbox><xmin>144.99984</xmin><ymin>123.999946</ymin><xmax>227.99984</xmax><ymax>193.999764</ymax></bndbox></object><object><name>wound</name><pose>Unspecified</pose><truncated>0</truncated><difficult>0</difficult><bndbox><xmin>114.00016</xmin><ymin>42.000147</ymin><xmax>189.00016</xmax><ymax>93.00017299999999</ymax></bndbox></object></annotations>