<annotations><filename>11.jpg</filename><folder>images</folder><size><width>320</width><height>427</height><depth>3</depth></size><object><name>wound</name><pose>Unspecified</pose><truncated>0</truncated><difficult>0</difficult><bndbox><xmin>146.0</xmin><ymin>234.0000565</ymin><xmax>232.0</xmax><ymax>325.0001615</ymax></bndbox></object><object><name>wound</name><pose>Unspecified</pose><truncated>0</truncated><difficult>0</difficult><bndbox><xmin>140.00016</xmin><ymin>88.00000299999999</ymin><xmax>163.00016</xmax><ymax>110.999931</ymax></bndbox></object></annotations>