<annotations><filename>1106.jpg</filename><folder>images</folder><size><width>320</width><height>427</height><depth>3</depth></size><object><name>wound</name><pose>Unspecified</pose><truncated>0</truncated><difficult>0</difficult><bndbox><xmin>132.99984</xmin><ymin>112.999999</ymin><xmax>199.99984</xmax><ymax>191.000089</ymax></bndbox></object><object><name>wound</name><pose>Unspecified</pose><truncated>0</truncated><difficult>0</difficult><bndbox><xmin>96.00016</xmin><ymin>178.9998945</ymin><xmax>185.00016</xmax><ymax>266.9998975</ymax></bndbox></object><object><name>wound</name><pose>Unspecified</pose><truncated>0</truncated><difficult>0</difficult><bndbox><xmin>189.0</xmin><ymin>216.000085</ymin><xmax>257.0</xmax><ymax>271.000247</ymax></bndbox></object></annotations>