<annotations><filename>1107.jpg</filename><folder>images</folder><size><width>320</width><height>427</height><depth>3</depth></size><object><name>wound</name><pose>Unspecified</pose><truncated>0</truncated><difficult>0</difficult><bndbox><xmin>87.0</xmin><ymin>217.999726</ymin><xmax>119.0</xmax><ymax>248.99992600000002</ymax></bndbox></object><object><name>wound</name><pose>Unspecified</pose><truncated>0</truncated><difficult>0</difficult><bndbox><xmin>125.00016</xmin><ymin>143.99977199999998</ymin><xmax>206.00016</xmax><ymax>199.999968</ymax></bndbox></object><object><name>wound</name><pose>Unspecified</pose><truncated>0</truncated><difficult>0</difficult><bndbox><xmin>102.99984</xmin><ymin>88.9998235</ymin><xmax>135.99984</xmax><ymax>129.9999365</ymax></bndbox></object></annotations>