<annotations><filename>1111.jpg</filename><folder>images</folder><size><width>320</width><height>427</height><depth>3</depth></size><object><name>wound</name><pose>Unspecified</pose><truncated>0</truncated><difficult>0</difficult><bndbox><xmin>66.00016</xmin><ymin>193.000157</ymin><xmax>105.00016</xmax><ymax>236.99994499999997</ymax></bndbox></object><object><name>wound</name><pose>Unspecified</pose><truncated>0</truncated><difficult>0</difficult><bndbox><xmin>136.0</xmin><ymin>162.00017050000002</ymin><xmax>210.0</xmax><ymax>227.0002455</ymax></bndbox></object><object><name>wound</name><pose>Unspecified</pose><truncated>0</truncated><difficult>0</difficult><bndbox><xmin>144.00016</xmin><ymin>95.0000275</ymin><xmax>183.00016</xmax><ymax>137.0001745</ymax></bndbox></object><object><name>wound</name><pose>Unspecified</pose><truncated>0</truncated><difficult>0</difficult><bndbox><xmin>122.00016</xmin><ymin>108.00004249999999</ymin><xmax>151.00016</xmax><ymax>148.00012149999998</ymax></bndbox></object></annotations>