<annotations><filename>1117.jpg</filename><folder>images</folder><size><width>320</width><height>427</height><depth>3</depth></size><object><name>wound</name><pose>Unspecified</pose><truncated>0</truncated><difficult>0</difficult><bndbox><xmin>43.0</xmin><ymin>209.00006050000002</ymin><xmax>87.0</xmax><ymax>249.0001395</ymax></bndbox></object><object><name>wound</name><pose>Unspecified</pose><truncated>0</truncated><difficult>0</difficult><bndbox><xmin>109.00016</xmin><ymin>118.00016900000001</ymin><xmax>204.00016</xmax><ymax>193.000157</ymax></bndbox></object><object><name>wound</name><pose>Unspecified</pose><truncated>0</truncated><difficult>0</difficult><bndbox><xmin>65.00016000000001</xmin><ymin>45.000035499999996</ymin><xmax>118.00016000000001</xmax><ymax>88.0002165</ymax></bndbox></object><object><name>wound</name><pose>Unspecified</pose><truncated>0</truncated><difficult>0</difficult><bndbox><xmin>47.99984</xmin><ymin>79.000124</ymin><xmax>78.99984</xmax><ymax>104.00012000000001</ymax></bndbox></object></annotations>