<annotations><filename>112.jpg</filename><folder>images</folder><size><width>320</width><height>427</height><depth>3</depth></size><object><name>wound</name><pose>Unspecified</pose><truncated>0</truncated><difficult>0</difficult><bndbox><xmin>50.999840000000006</xmin><ymin>194.000191</ymin><xmax>89.99984</xmax><ymax>218.00015299999998</ymax></bndbox></object><object><name>wound</name><pose>Unspecified</pose><truncated>0</truncated><difficult>0</difficult><bndbox><xmin>144.00016</xmin><ymin>184.999885</ymin><xmax>211.00016</xmax><ymax>259.999873</ymax></bndbox></object><object><name>wound</name><pose>Unspecified</pose><truncated>0</truncated><difficult>0</difficult><bndbox><xmin>139.0</xmin><ymin>314.0002145</ymin><xmax>219.0</xmax><ymax>397.0000475</ymax></bndbox></object></annotations>