<annotations><filename>1127.jpg</filename><folder>images</folder><size><width>320</width><height>427</height><depth>3</depth></size><object><name>wound</name><pose>Unspecified</pose><truncated>0</truncated><difficult>0</difficult><bndbox><xmin>31.000159999999994</xmin><ymin>225.999998</ymin><xmax>84.00016</xmax><ymax>270.99982</ymax></bndbox></object><object><name>wound</name><pose>Unspecified</pose><truncated>0</truncated><difficult>0</difficult><bndbox><xmin>107.00016</xmin><ymin>132.0000045</ymin><xmax>248.00016</xmax><ymax>217.99993949999998</ymax></bndbox></object><object><name>wound</name><pose>Unspecified</pose><truncated>0</truncated><difficult>0</difficult><bndbox><xmin>76.0</xmin><ymin>27.999884500000007</ymin><xmax>142.0</xmax><ymax>87.9997895</ymax></bndbox></object></annotations>