<annotations><filename>1129.jpg</filename><folder>images</folder><size><width>320</width><height>427</height><depth>3</depth></size><object><name>wound</name><pose>Unspecified</pose><truncated>0</truncated><difficult>0</difficult><bndbox><xmin>81.99984</xmin><ymin>216.99990549999998</ymin><xmax>126.99984</xmax><ymax>258.0000185</ymax></bndbox></object><object><name>wound</name><pose>Unspecified</pose><truncated>0</truncated><difficult>0</difficult><bndbox><xmin>145.0</xmin><ymin>245.00000350000002</ymin><xmax>183.0</xmax><ymax>286.0001165</ymax></bndbox></object><object><name>wound</name><pose>Unspecified</pose><truncated>0</truncated><difficult>0</difficult><bndbox><xmin>91.0</xmin><ymin>85.99993500000001</ymin><xmax>131.0</xmax><ymax>136.999961</ymax></bndbox></object></annotations>