<annotations><filename>1135.jpg</filename><folder>images</folder><size><width>320</width><height>427</height><depth>3</depth></size><object><name>wound</name><pose>Unspecified</pose><truncated>0</truncated><difficult>0</difficult><bndbox><xmin>127.99984</xmin><ymin>258.999839</ymin><xmax>178.99984</xmax><ymax>311.999933</ymax></bndbox></object><object><name>wound</name><pose>Unspecified</pose><truncated>0</truncated><difficult>0</difficult><bndbox><xmin>155.0</xmin><ymin>177.00004</ymin><xmax>213.0</xmax><ymax>303.00005400000003</ymax></bndbox></object></annotations>