<annotations><filename>1136.jpg</filename><folder>images</folder><size><width>320</width><height>427</height><depth>3</depth></size><object><name>wound</name><pose>Unspecified</pose><truncated>0</truncated><difficult>0</difficult><bndbox><xmin>123.0</xmin><ymin>172.0000835</ymin><xmax>165.0</xmax><ymax>213.0001965</ymax></bndbox></object><object><name>wound</name><pose>Unspecified</pose><truncated>0</truncated><difficult>0</difficult><bndbox><xmin>107.0</xmin><ymin>226.99981850000003</ymin><xmax>165.0</xmax><ymax>287.99975750000004</ymax></bndbox></object><object><name>wound</name><pose>Unspecified</pose><truncated>0</truncated><difficult>0</difficult><bndbox><xmin>178.0</xmin><ymin>218.9999735</ymin><xmax>228.0</xmax><ymax>258.0000185</ymax></bndbox></object></annotations>