<annotations><filename>1139.jpg</filename><folder>images</folder><size><width>320</width><height>427</height><depth>3</depth></size><object><name>wound</name><pose>Unspecified</pose><truncated>0</truncated><difficult>0</difficult><bndbox><xmin>34.0</xmin><ymin>182.999817</ymin><xmax>82.0</xmax><ymax>232.99980900000003</ymax></bndbox></object><object><name>wound</name><pose>Unspecified</pose><truncated>0</truncated><difficult>0</difficult><bndbox><xmin>120.0</xmin><ymin>126.99983449999999</ymin><xmax>242.0</xmax><ymax>216.99990549999998</ymax></bndbox></object><object><name>wound</name><pose>Unspecified</pose><truncated>0</truncated><difficult>0</difficult><bndbox><xmin>130.99984</xmin><ymin>55.000162</ymin><xmax>185.99984</xmax><ymax>98.99995</ymax></bndbox></object></annotations>