<annotations><filename>114.jpg</filename><folder>images</folder><size><width>320</width><height>427</height><depth>3</depth></size><object><name>wound</name><pose>Unspecified</pose><truncated>0</truncated><difficult>0</difficult><bndbox><xmin>151.0</xmin><ymin>67.00014300000001</ymin><xmax>211.0</xmax><ymax>111.999965</ymax></bndbox></object><object><name>wound</name><pose>Unspecified</pose><truncated>0</truncated><difficult>0</difficult><bndbox><xmin>168.99984</xmin><ymin>162.0001705</ymin><xmax>229.99984</xmax><ymax>224.0001435</ymax></bndbox></object><object><name>wound</name><pose>Unspecified</pose><truncated>0</truncated><difficult>0</difficult><bndbox><xmin>207.00016</xmin><ymin>220.0000075</ymin><xmax>260.00016</xmax><ymax>289.0002185</ymax></bndbox></object></annotations>