<annotations><filename>1141.jpg</filename><folder>images</folder><size><width>320</width><height>427</height><depth>3</depth></size><object><name>wound</name><pose>Unspecified</pose><truncated>0</truncated><difficult>0</difficult><bndbox><xmin>93.0</xmin><ymin>162.00017050000002</ymin><xmax>151.0</xmax><ymax>225.0001775</ymax></bndbox></object><object><name>wound</name><pose>Unspecified</pose><truncated>0</truncated><difficult>0</difficult><bndbox><xmin>78.99984</xmin><ymin>115.000067</ymin><xmax>119.99984</xmax><ymax>159.999889</ymax></bndbox></object></annotations>