<annotations><filename>1146.jpg</filename><folder>images</folder><size><width>320</width><height>427</height><depth>3</depth></size><object><name>wound</name><pose>Unspecified</pose><truncated>0</truncated><difficult>0</difficult><bndbox><xmin>42.0</xmin><ymin>208.999847</ymin><xmax>76.0</xmax><ymax>262.999975</ymax></bndbox></object><object><name>wound</name><pose>Unspecified</pose><truncated>0</truncated><difficult>0</difficult><bndbox><xmin>113.0</xmin><ymin>173.999938</ymin><xmax>215.0</xmax><ymax>246.99985800000002</ymax></bndbox></object><object><name>wound</name><pose>Unspecified</pose><truncated>0</truncated><difficult>0</difficult><bndbox><xmin>114.0</xmin><ymin>76.99984249999999</ymin><xmax>160.0</xmax><ymax>142.9999515</ymax></bndbox></object><object><name>wound</name><pose>Unspecified</pose><truncated>0</truncated><difficult>0</difficult><bndbox><xmin>89.0</xmin><ymin>86.99996900000001</ymin><xmax>125.0</xmax><ymax>136.999961</ymax></bndbox></object></annotations>