<annotations><filename>1148.jpg</filename><folder>images</folder><size><width>320</width><height>427</height><depth>3</depth></size><object><name>wound</name><pose>Unspecified</pose><truncated>0</truncated><difficult>0</difficult><bndbox><xmin>117.0</xmin><ymin>86.0001485</ymin><xmax>153.0</xmax><ymax>120.0000235</ymax></bndbox></object><object><name>wound</name><pose>Unspecified</pose><truncated>0</truncated><difficult>0</difficult><bndbox><xmin>127.00016</xmin><ymin>290.00025250000004</ymin><xmax>204.00016</xmax><ymax>349.00012350000003</ymax></bndbox></object></annotations>