<annotations><filename>1160.jpg</filename><folder>images</folder><size><width>320</width><height>427</height><depth>3</depth></size><object><name>wound</name><pose>Unspecified</pose><truncated>0</truncated><difficult>0</difficult><bndbox><xmin>40.999840000000006</xmin><ymin>128.000082</ymin><xmax>127.99984</xmax><ymax>202.000036</ymax></bndbox></object><object><name>wound</name><pose>Unspecified</pose><truncated>0</truncated><difficult>0</difficult><bndbox><xmin>96.0</xmin><ymin>215.9998715</ymin><xmax>212.0</xmax><ymax>302.9998405</ymax></bndbox></object></annotations>