<annotations><filename>1167.jpg</filename><folder>images</folder><size><width>320</width><height>427</height><depth>3</depth></size><object><name>wound</name><pose>Unspecified</pose><truncated>0</truncated><difficult>0</difficult><bndbox><xmin>138.99984</xmin><ymin>82.999833</ymin><xmax>165.99984</xmax><ymax>110.999931</ymax></bndbox></object><object><name>wound</name><pose>Unspecified</pose><truncated>0</truncated><difficult>0</difficult><bndbox><xmin>13.000160000000001</xmin><ymin>252.000028</ymin><xmax>66.00016</xmax><ymax>330.000118</ymax></bndbox></object></annotations>