<annotations><filename>1190.jpg</filename><folder>images</folder><size><width>320</width><height>427</height><depth>3</depth></size><object><name>wound</name><pose>Unspecified</pose><truncated>0</truncated><difficult>0</difficult><bndbox><xmin>88.99983999999999</xmin><ymin>196.0000455</ymin><xmax>155.99984</xmax><ymax>280.9999465</ymax></bndbox></object><object><name>wound</name><pose>Unspecified</pose><truncated>0</truncated><difficult>0</difficult><bndbox><xmin>125.0</xmin><ymin>76.00023549999997</ymin><xmax>213.0</xmax><ymax>185.00009849999998</ymax></bndbox></object><object><name>wound</name><pose>Unspecified</pose><truncated>0</truncated><difficult>0</difficult><bndbox><xmin>193.0</xmin><ymin>207.99981300000002</ymin><xmax>301.0</xmax><ymax>284.999869</ymax></bndbox></object></annotations>