<annotations><filename>1191.jpg</filename><folder>images</folder><size><width>320</width><height>427</height><depth>3</depth></size><object><name>wound</name><pose>Unspecified</pose><truncated>0</truncated><difficult>0</difficult><bndbox><xmin>114.0</xmin><ymin>187.9997735</ymin><xmax>158.0</xmax><ymax>226.9998185</ymax></bndbox></object><object><name>wound</name><pose>Unspecified</pose><truncated>0</truncated><difficult>0</difficult><bndbox><xmin>191.0</xmin><ymin>155.99996650000003</ymin><xmax>259.0</xmax><ymax>212.9997695</ymax></bndbox></object></annotations>