<annotations><filename>1195.jpg</filename><folder>images</folder><size><width>320</width><height>427</height><depth>3</depth></size><object><name>wound</name><pose>Unspecified</pose><truncated>0</truncated><difficult>0</difficult><bndbox><xmin>93.00016000000001</xmin><ymin>125.99980049999999</ymin><xmax>140.00016</xmax><ymax>166.9999135</ymax></bndbox></object><object><name>wound</name><pose>Unspecified</pose><truncated>0</truncated><difficult>0</difficult><bndbox><xmin>110.99984</xmin><ymin>165.00005900000002</ymin><xmax>177.99984</xmax><ymax>237.999979</ymax></bndbox></object></annotations>