<annotations><filename>1197.jpg</filename><folder>images</folder><size><width>320</width><height>427</height><depth>3</depth></size><object><name>wound</name><pose>Unspecified</pose><truncated>0</truncated><difficult>0</difficult><bndbox><xmin>103.99984</xmin><ymin>179.000108</ymin><xmax>164.99984</xmax><ymax>256.00016400000004</ymax></bndbox></object><object><name>wound</name><pose>Unspecified</pose><truncated>0</truncated><difficult>0</difficult><bndbox><xmin>193.0</xmin><ymin>227.00003199999998</ymin><xmax>221.0</xmax><ymax>271.99985399999997</ymax></bndbox></object></annotations>