<annotations><filename>1203.jpg</filename><folder>images</folder><size><width>320</width><height>427</height><depth>3</depth></size><object><name>wound</name><pose>Unspecified</pose><truncated>0</truncated><difficult>0</difficult><bndbox><xmin>37.0</xmin><ymin>187.99977349999998</ymin><xmax>113.0</xmax><ymax>276.99981049999997</ymax></bndbox></object><object><name>wound</name><pose>Unspecified</pose><truncated>0</truncated><difficult>0</difficult><bndbox><xmin>168.99984</xmin><ymin>196.999866</ymin><xmax>315.99984</xmax><ymax>267.999718</ymax></bndbox></object></annotations>