<annotations><filename>1216.jpg</filename><folder>images</folder><size><width>320</width><height>427</height><depth>3</depth></size><object><name>wound</name><pose>Unspecified</pose><truncated>0</truncated><difficult>0</difficult><bndbox><xmin>62.0</xmin><ymin>136.99996099999998</ymin><xmax>150.0</xmax><ymax>259.999873</ymax></bndbox></object><object><name>wound</name><pose>Unspecified</pose><truncated>0</truncated><difficult>0</difficult><bndbox><xmin>160.99984</xmin><ymin>233.999843</ymin><xmax>241.99984</xmax><ymax>306.999763</ymax></bndbox></object><object><name>wound</name><pose>Unspecified</pose><truncated>0</truncated><difficult>0</difficult><bndbox><xmin>145.0</xmin><ymin>80.9999785</ymin><xmax>221.0</xmax><ymax>163.9998115</ymax></bndbox></object></annotations>