<annotations><filename>1218.jpg</filename><folder>images</folder><size><width>320</width><height>427</height><depth>3</depth></size><object><name>wound</name><pose>Unspecified</pose><truncated>0</truncated><difficult>0</difficult><bndbox><xmin>137.0</xmin><ymin>171.000263</ymin><xmax>197.0</xmax><ymax>293.000141</ymax></bndbox></object><object><name>wound</name><pose>Unspecified</pose><truncated>0</truncated><difficult>0</difficult><bndbox><xmin>93.0</xmin><ymin>238.0001925</ymin><xmax>145.0</xmax><ymax>296.0000295</ymax></bndbox></object></annotations>