<annotations><filename>1219.jpg</filename><folder>images</folder><size><width>320</width><height>427</height><depth>3</depth></size><object><name>wound</name><pose>Unspecified</pose><truncated>0</truncated><difficult>0</difficult><bndbox><xmin>68.00016000000001</xmin><ymin>192.99973</ymin><xmax>125.00016000000001</xmax><ymax>272.999888</ymax></bndbox></object><object><name>wound</name><pose>Unspecified</pose><truncated>0</truncated><difficult>0</difficult><bndbox><xmin>164.99984</xmin><ymin>245.00000350000002</ymin><xmax>213.99984</xmax><ymax>306.9999765</ymax></bndbox></object><object><name>wound</name><pose>Unspecified</pose><truncated>0</truncated><difficult>0</difficult><bndbox><xmin>106.99984</xmin><ymin>104.99994050000001</ymin><xmax>191.99984</xmax><ymax>199.0001475</ymax></bndbox></object><object><name>wound</name><pose>Unspecified</pose><truncated>0</truncated><difficult>0</difficult><bndbox><xmin>206.99984</xmin><ymin>289.00021849999996</ymin><xmax>251.99984</xmax><ymax>321.0000255</ymax></bndbox></object></annotations>