<annotations><filename>1235.jpg</filename><folder>images</folder><size><width>320</width><height>427</height><depth>3</depth></size><object><name>wound</name><pose>Unspecified</pose><truncated>0</truncated><difficult>0</difficult><bndbox><xmin>51.99983999999999</xmin><ymin>153.99989850000003</ymin><xmax>124.99983999999999</xmax><ymax>238.9997995</ymax></bndbox></object><object><name>wound</name><pose>Unspecified</pose><truncated>0</truncated><difficult>0</difficult><bndbox><xmin>147.0</xmin><ymin>238.00019250000003</ymin><xmax>265.0</xmax><ymax>301.0001995</ymax></bndbox></object></annotations>