<annotations><filename>1236.jpg</filename><folder>images</folder><size><width>320</width><height>240</height><depth>3</depth></size><object><name>wound</name><pose>Unspecified</pose><truncated>0</truncated><difficult>0</difficult><bndbox><xmin>158.00016</xmin><ymin>15.00012000000001</ymin><xmax>239.00016</xmax><ymax>116.00004000000001</ymax></bndbox></object><object><name>wound</name><pose>Unspecified</pose><truncated>0</truncated><difficult>0</difficult><bndbox><xmin>195.99984</xmin><ymin>142.99992</ymin><xmax>236.99984</xmax><ymax>175.99992</ymax></bndbox></object></annotations>