<annotations><filename>1255.jpg</filename><folder>images</folder><size><width>320</width><height>427</height><depth>3</depth></size><object><name>wound</name><pose>Unspecified</pose><truncated>0</truncated><difficult>0</difficult><bndbox><xmin>95.00016</xmin><ymin>167.99994749999996</ymin><xmax>146.00016</xmax><ymax>275.9997765</ymax></bndbox></object><object><name>wound</name><pose>Unspecified</pose><truncated>0</truncated><difficult>0</difficult><bndbox><xmin>175.99984</xmin><ymin>135.0001065</ymin><xmax>206.99984</xmax><ymax>170.0000155</ymax></bndbox></object><object><name>wound</name><pose>Unspecified</pose><truncated>0</truncated><difficult>0</difficult><bndbox><xmin>181.0</xmin><ymin>205.999745</ymin><xmax>213.0</xmax><ymax>285.999903</ymax></bndbox></object></annotations>