<annotations><filename>1277.jpg</filename><folder>images</folder><size><width>320</width><height>427</height><depth>3</depth></size><object><name>wound</name><pose>Unspecified</pose><truncated>0</truncated><difficult>0</difficult><bndbox><xmin>92.99984</xmin><ymin>126.99983450000002</ymin><xmax>145.99984</xmax><ymax>195.00001150000003</ymax></bndbox></object><object><name>wound</name><pose>Unspecified</pose><truncated>0</truncated><difficult>0</difficult><bndbox><xmin>93.99984</xmin><ymin>233.99984299999997</ymin><xmax>212.99984</xmax><ymax>314.000001</ymax></bndbox></object></annotations>