<annotations><filename>1280.jpg</filename><folder>images</folder><size><width>320</width><height>427</height><depth>3</depth></size><object><name>wound</name><pose>Unspecified</pose><truncated>0</truncated><difficult>0</difficult><bndbox><xmin>86.0</xmin><ymin>218.99975999999998</ymin><xmax>136.0</xmax><ymax>270.99982</ymax></bndbox></object><object><name>wound</name><pose>Unspecified</pose><truncated>0</truncated><difficult>0</difficult><bndbox><xmin>135.00016</xmin><ymin>115.00006700000002</ymin><xmax>216.00016</xmax><ymax>196.00025900000003</ymax></bndbox></object><object><name>wound</name><pose>Unspecified</pose><truncated>0</truncated><difficult>0</difficult><bndbox><xmin>74.0</xmin><ymin>52.00027349999999</ymin><xmax>136.0</xmax><ymax>110.0001105</ymax></bndbox></object></annotations>