<annotations><filename>1285.jpg</filename><folder>images</folder><size><width>320</width><height>427</height><depth>3</depth></size><object><name>wound</name><pose>Unspecified</pose><truncated>0</truncated><difficult>0</difficult><bndbox><xmin>137.0</xmin><ymin>177.00004</ymin><xmax>201.0</xmax><ymax>307.00019000000003</ymax></bndbox></object><object><name>wound</name><pose>Unspecified</pose><truncated>0</truncated><difficult>0</difficult><bndbox><xmin>89.99984</xmin><ymin>255.9999505</ymin><xmax>168.99984</xmax><ymax>318.9999575</ymax></bndbox></object></annotations>