<annotations><filename>1289.jpg</filename><folder>images</folder><size><width>320</width><height>427</height><depth>3</depth></size><object><name>wound</name><pose>Unspecified</pose><truncated>0</truncated><difficult>0</difficult><bndbox><xmin>95.0</xmin><ymin>159.0000685</ymin><xmax>137.0</xmax><ymax>252.00024150000002</ymax></bndbox></object><object><name>wound</name><pose>Unspecified</pose><truncated>0</truncated><difficult>0</difficult><bndbox><xmin>164.0</xmin><ymin>205.9999585</ymin><xmax>208.0</xmax><ymax>268.9999655</ymax></bndbox></object></annotations>