<annotations><filename>13.jpg</filename><folder>images</folder><size><width>320</width><height>240</height><depth>3</depth></size><object><name>wound</name><pose>Unspecified</pose><truncated>0</truncated><difficult>0</difficult><bndbox><xmin>126.00016</xmin><ymin>39.99996</ymin><xmax>221.00016</xmax><ymax>152.99988000000002</ymax></bndbox></object><object><name>wound</name><pose>Unspecified</pose><truncated>0</truncated><difficult>0</difficult><bndbox><xmin>161.0</xmin><ymin>164.00003999999998</ymin><xmax>199.0</xmax><ymax>204.00012</ymax></bndbox></object></annotations>