<annotations><filename>1302.jpg</filename><folder>images</folder><size><width>320</width><height>427</height><depth>3</depth></size><object><name>wound</name><pose>Unspecified</pose><truncated>0</truncated><difficult>0</difficult><bndbox><xmin>32.000159999999994</xmin><ymin>97.00009550000001</ymin><xmax>87.00016</xmax><ymax>183.0000305</ymax></bndbox></object><object><name>wound</name><pose>Unspecified</pose><truncated>0</truncated><difficult>0</difficult><bndbox><xmin>29.0</xmin><ymin>198.999934</ymin><xmax>49.0</xmax><ymax>223.99993</ymax></bndbox></object><object><name>wound</name><pose>Unspecified</pose><truncated>0</truncated><difficult>0</difficult><bndbox><xmin>123.0</xmin><ymin>220.99982800000004</ymin><xmax>229.0</xmax><ymax>293.999748</ymax></bndbox></object></annotations>