<annotations><filename>1308.jpg</filename><folder>images</folder><size><width>320</width><height>427</height><depth>3</depth></size><object><name>wound</name><pose>Unspecified</pose><truncated>0</truncated><difficult>0</difficult><bndbox><xmin>113.00016</xmin><ymin>127.000048</ymin><xmax>238.00016</xmax><ymax>204.00010400000002</ymax></bndbox></object><object><name>wound</name><pose>Unspecified</pose><truncated>0</truncated><difficult>0</difficult><bndbox><xmin>51.000159999999994</xmin><ymin>222.00007549999998</ymin><xmax>98.00016</xmax><ymax>264.0002225</ymax></bndbox></object><object><name>wound</name><pose>Unspecified</pose><truncated>0</truncated><difficult>0</difficult><bndbox><xmin>72.0</xmin><ymin>39.000045</ymin><xmax>138.0</xmax><ymax>89.00003699999999</ymax></bndbox></object></annotations>