<annotations><filename>131.jpg</filename><folder>images</folder><size><width>320</width><height>240</height><depth>3</depth></size><object><name>wound</name><pose>Unspecified</pose><truncated>0</truncated><difficult>0</difficult><bndbox><xmin>218.00016</xmin><ymin>142.99991999999997</ymin><xmax>249.00016</xmax><ymax>172.99991999999997</ymax></bndbox></object><object><name>wound</name><pose>Unspecified</pose><truncated>0</truncated><difficult>0</difficult><bndbox><xmin>209.0</xmin><ymin>36.0</ymin><xmax>277.0</xmax><ymax>132.0</ymax></bndbox></object></annotations>