<annotations><filename>1310.jpg</filename><folder>images</folder><size><width>320</width><height>427</height><depth>3</depth></size><object><name>wound</name><pose>Unspecified</pose><truncated>0</truncated><difficult>0</difficult><bndbox><xmin>145.00016</xmin><ymin>214.00001699999999</ymin><xmax>210.00016</xmax><ymax>268.000145</ymax></bndbox></object><object><name>wound</name><pose>Unspecified</pose><truncated>0</truncated><difficult>0</difficult><bndbox><xmin>54.000159999999994</xmin><ymin>203.00007</ymin><xmax>81.00016</xmax><ymax>228.000066</ymax></bndbox></object><object><name>wound</name><pose>Unspecified</pose><truncated>0</truncated><difficult>0</difficult><bndbox><xmin>134.0</xmin><ymin>287.999971</ymin><xmax>192.0</xmax><ymax>360.999891</ymax></bndbox></object></annotations>