<annotations><filename>1313.jpg</filename><folder>images</folder><size><width>320</width><height>240</height><depth>3</depth></size><object><name>wound</name><pose>Unspecified</pose><truncated>0</truncated><difficult>0</difficult><bndbox><xmin>116.0</xmin><ymin>126.99996</ymin><xmax>162.0</xmax><ymax>179.00004</ymax></bndbox></object><object><name>wound</name><pose>Unspecified</pose><truncated>0</truncated><difficult>0</difficult><bndbox><xmin>116.0</xmin><ymin>77.99988</ymin><xmax>182.0</xmax><ymax>129.99996</ymax></bndbox></object></annotations>