<annotations><filename>1317.jpg</filename><folder>images</folder><size><width>320</width><height>427</height><depth>3</depth></size><object><name>wound</name><pose>Unspecified</pose><truncated>0</truncated><difficult>0</difficult><bndbox><xmin>52.99983999999999</xmin><ymin>198.999934</ymin><xmax>111.99983999999999</xmax><ymax>242.99972200000002</ymax></bndbox></object><object><name>wound</name><pose>Unspecified</pose><truncated>0</truncated><difficult>0</difficult><bndbox><xmin>125.0</xmin><ymin>114.9998535</ymin><xmax>205.0</xmax><ymax>181.99999649999998</ymax></bndbox></object></annotations>