<annotations><filename>1319.jpg</filename><folder>images</folder><size><width>320</width><height>427</height><depth>3</depth></size><object><name>wound</name><pose>Unspecified</pose><truncated>0</truncated><difficult>0</difficult><bndbox><xmin>80.00016000000001</xmin><ymin>156.00018</ymin><xmax>143.00016</xmax><ymax>256.000164</ymax></bndbox></object><object><name>wound</name><pose>Unspecified</pose><truncated>0</truncated><difficult>0</difficult><bndbox><xmin>174.0</xmin><ymin>147.0000875</ymin><xmax>216.0</xmax><ymax>184.0000645</ymax></bndbox></object><object><name>wound</name><pose>Unspecified</pose><truncated>0</truncated><difficult>0</difficult><bndbox><xmin>162.99984</xmin><ymin>230.000134</ymin><xmax>209.99984</xmax><ymax>280.000126</ymax></bndbox></object></annotations>