<annotations><filename>1321.jpg</filename><folder>images</folder><size><width>320</width><height>427</height><depth>3</depth></size><object><name>wound</name><pose>Unspecified</pose><truncated>0</truncated><difficult>0</difficult><bndbox><xmin>101.99984</xmin><ymin>129.99993650000002</ymin><xmax>156.99984</xmax><ymax>191.99990950000003</ymax></bndbox></object><object><name>wound</name><pose>Unspecified</pose><truncated>0</truncated><difficult>0</difficult><bndbox><xmin>104.99984</xmin><ymin>217.9999395</ymin><xmax>173.99984</xmax><ymax>274.9997425</ymax></bndbox></object><object><name>wound</name><pose>Unspecified</pose><truncated>0</truncated><difficult>0</difficult><bndbox><xmin>187.00016</xmin><ymin>195.99983199999997</ymin><xmax>254.00016</xmax><ymax>247.999892</ymax></bndbox></object></annotations>