<annotations><filename>133.jpg</filename><folder>images</folder><size><width>320</width><height>427</height><depth>3</depth></size><object><name>wound</name><pose>Unspecified</pose><truncated>0</truncated><difficult>0</difficult><bndbox><xmin>103.0</xmin><ymin>130.00015</ymin><xmax>167.0</xmax><ymax>204.000104</ymax></bndbox></object><object><name>wound</name><pose>Unspecified</pose><truncated>0</truncated><difficult>0</difficult><bndbox><xmin>104.00016</xmin><ymin>225.999998</ymin><xmax>209.00016</xmax><ymax>304.000088</ymax></bndbox></object><object><name>wound</name><pose>Unspecified</pose><truncated>0</truncated><difficult>0</difficult><bndbox><xmin>200.00016</xmin><ymin>187.00016649999998</ymin><xmax>277.00016</xmax><ymax>252.00024149999996</ymax></bndbox></object></annotations>