<annotations><filename>1335.jpg</filename><folder>images</folder><size><width>320</width><height>427</height><depth>3</depth></size><object><name>wound</name><pose>Unspecified</pose><truncated>0</truncated><difficult>0</difficult><bndbox><xmin>109.99984</xmin><ymin>221.00004149999995</ymin><xmax>188.99984</xmax><ymax>305.9999425</ymax></bndbox></object><object><name>wound</name><pose>Unspecified</pose><truncated>0</truncated><difficult>0</difficult><bndbox><xmin>116.99984</xmin><ymin>141.99991749999998</ymin><xmax>149.99984</xmax><ymax>175.9997925</ymax></bndbox></object></annotations>