<annotations><filename>1339.jpg</filename><folder>images</folder><size><width>320</width><height>427</height><depth>3</depth></size><object><name>wound</name><pose>Unspecified</pose><truncated>0</truncated><difficult>0</difficult><bndbox><xmin>36.0</xmin><ymin>190.99987549999997</ymin><xmax>112.0</xmax><ymax>279.9999125</ymax></bndbox></object><object><name>wound</name><pose>Unspecified</pose><truncated>0</truncated><difficult>0</difficult><bndbox><xmin>169.99984</xmin><ymin>192.99973</ymin><xmax>294.99984</xmax><ymax>272.999888</ymax></bndbox></object><object><name>wound</name><pose>Unspecified</pose><truncated>0</truncated><difficult>0</difficult><bndbox><xmin>76.0</xmin><ymin>291.9998935</ymin><xmax>116.0</xmax><ymax>327.9998365</ymax></bndbox></object></annotations>