<annotations><filename>1341.jpg</filename><folder>images</folder><size><width>320</width><height>427</height><depth>3</depth></size><object><name>wound</name><pose>Unspecified</pose><truncated>0</truncated><difficult>0</difficult><bndbox><xmin>61.0</xmin><ymin>157.000214</ymin><xmax>107.0</xmax><ymax>204.000104</ymax></bndbox></object><object><name>wound</name><pose>Unspecified</pose><truncated>0</truncated><difficult>0</difficult><bndbox><xmin>141.99984</xmin><ymin>112.0001785</ymin><xmax>220.99984</xmax><ymax>176.00021950000001</ymax></bndbox></object></annotations>