<annotations><filename>1346.jpg</filename><folder>images</folder><size><width>320</width><height>427</height><depth>3</depth></size><object><name>wound</name><pose>Unspecified</pose><truncated>0</truncated><difficult>0</difficult><bndbox><xmin>31.999840000000006</xmin><ymin>153.00007799999997</ymin><xmax>72.99984</xmax><ymax>207.000206</ymax></bndbox></object><object><name>wound</name><pose>Unspecified</pose><truncated>0</truncated><difficult>0</difficult><bndbox><xmin>114.0</xmin><ymin>141.00009699999998</ymin><xmax>220.0</xmax><ymax>218.000153</ymax></bndbox></object></annotations>