<annotations><filename>1347.jpg</filename><folder>images</folder><size><width>320</width><height>427</height><depth>3</depth></size><object><name>wound</name><pose>Unspecified</pose><truncated>0</truncated><difficult>0</difficult><bndbox><xmin>107.00016</xmin><ymin>188.00020049999998</ymin><xmax>168.00016</xmax><ymax>248.0001055</ymax></bndbox></object><object><name>wound</name><pose>Unspecified</pose><truncated>0</truncated><difficult>0</difficult><bndbox><xmin>77.0</xmin><ymin>140.000063</ymin><xmax>103.0</xmax><ymax>158.99985500000003</ymax></bndbox></object></annotations>