<annotations><filename>1351.jpg</filename><folder>images</folder><size><width>320</width><height>427</height><depth>3</depth></size><object><name>wound</name><pose>Unspecified</pose><truncated>0</truncated><difficult>0</difficult><bndbox><xmin>173.00016</xmin><ymin>225.99999799999998</ymin><xmax>218.00016</xmax><ymax>280.00012599999997</ymax></bndbox></object><object><name>wound</name><pose>Unspecified</pose><truncated>0</truncated><difficult>0</difficult><bndbox><xmin>44.0</xmin><ymin>259.00005250000004</ymin><xmax>98.0</xmax><ymax>301.0001995</ymax></bndbox></object></annotations>