<annotations><filename>1353.jpg</filename><folder>images</folder><size><width>320</width><height>427</height><depth>3</depth></size><object><name>wound</name><pose>Unspecified</pose><truncated>0</truncated><difficult>0</difficult><bndbox><xmin>97.0</xmin><ymin>183.00024399999998</ymin><xmax>153.0</xmax><ymax>253.00006199999999</ymax></bndbox></object><object><name>wound</name><pose>Unspecified</pose><truncated>0</truncated><difficult>0</difficult><bndbox><xmin>131.00016</xmin><ymin>110.0001105</ymin><xmax>200.00016</xmax><ymax>175.0001855</ymax></bndbox></object><object><name>wound</name><pose>Unspecified</pose><truncated>0</truncated><difficult>0</difficult><bndbox><xmin>189.0</xmin><ymin>185.999919</ymin><xmax>233.0</xmax><ymax>240.00004700000002</ymax></bndbox></object><object><name>wound</name><pose>Unspecified</pose><truncated>0</truncated><difficult>0</difficult><bndbox><xmin>225.0</xmin><ymin>209.00006050000002</ymin><xmax>311.0</xmax><ymax>246.00003750000002</ymax></bndbox></object></annotations>