<annotations><filename>1355.jpg</filename><folder>images</folder><size><width>320</width><height>427</height><depth>3</depth></size><object><name>wound</name><pose>Unspecified</pose><truncated>0</truncated><difficult>0</difficult><bndbox><xmin>118.99984</xmin><ymin>175.00018550000001</ymin><xmax>187.99984</xmax><ymax>235.00009050000003</ymax></bndbox></object><object><name>wound</name><pose>Unspecified</pose><truncated>0</truncated><difficult>0</difficult><bndbox><xmin>166.0</xmin><ymin>86.999969</ymin><xmax>224.0</xmax><ymax>166.000093</ymax></bndbox></object><object><name>wound</name><pose>Unspecified</pose><truncated>0</truncated><difficult>0</difficult><bndbox><xmin>84.00016000000001</xmin><ymin>26.00003</ymin><xmax>151.00016</xmax><ymax>76.000022</ymax></bndbox></object></annotations>