<annotations><filename>1358.jpg</filename><folder>images</folder><size><width>320</width><height>427</height><depth>3</depth></size><object><name>wound</name><pose>Unspecified</pose><truncated>0</truncated><difficult>0</difficult><bndbox><xmin>10.999839999999999</xmin><ymin>151.00001</ymin><xmax>85.99984</xmax><ymax>205.00013800000002</ymax></bndbox></object><object><name>wound</name><pose>Unspecified</pose><truncated>0</truncated><difficult>0</difficult><bndbox><xmin>141.99984</xmin><ymin>223.99993</ymin><xmax>250.99984</xmax><ymax>268.999752</ymax></bndbox></object></annotations>