<annotations><filename>1362.jpg</filename><folder>images</folder><size><width>320</width><height>427</height><depth>3</depth></size><object><name>wound</name><pose>Unspecified</pose><truncated>0</truncated><difficult>0</difficult><bndbox><xmin>83.0</xmin><ymin>160.0001025</ymin><xmax>205.0</xmax><ymax>253.00027550000001</ymax></bndbox></object><object><name>wound</name><pose>Unspecified</pose><truncated>0</truncated><difficult>0</difficult><bndbox><xmin>155.0</xmin><ymin>1.000034000000003</ymin><xmax>215.0</xmax><ymax>57.00023</ymax></bndbox></object></annotations>