<annotations><filename>1365.jpg</filename><folder>images</folder><size><width>320</width><height>427</height><depth>3</depth></size><object><name>wound</name><pose>Unspecified</pose><truncated>0</truncated><difficult>0</difficult><bndbox><xmin>88.00016000000001</xmin><ymin>215.000051</ymin><xmax>147.00016</xmax><ymax>295.00020900000004</ymax></bndbox></object><object><name>wound</name><pose>Unspecified</pose><truncated>0</truncated><difficult>0</difficult><bndbox><xmin>97.00016</xmin><ymin>97.99991599999998</ymin><xmax>174.00016</xmax><ymax>194.999798</ymax></bndbox></object><object><name>wound</name><pose>Unspecified</pose><truncated>0</truncated><difficult>0</difficult><bndbox><xmin>189.0</xmin><ymin>203.9998905</ymin><xmax>239.0</xmax><ymax>272.0000675</ymax></bndbox></object><object><name>wound</name><pose>Unspecified</pose><truncated>0</truncated><difficult>0</difficult><bndbox><xmin>232.99984</xmin><ymin>236.00012450000003</ymin><xmax>285.99984</xmax><ymax>267.9999315</ymax></bndbox></object></annotations>