<annotations><filename>1367.jpg</filename><folder>images</folder><size><width>320</width><height>427</height><depth>3</depth></size><object><name>wound</name><pose>Unspecified</pose><truncated>0</truncated><difficult>0</difficult><bndbox><xmin>111.0</xmin><ymin>147.0000875</ymin><xmax>195.0</xmax><ymax>237.0001585</ymax></bndbox></object><object><name>wound</name><pose>Unspecified</pose><truncated>0</truncated><difficult>0</difficult><bndbox><xmin>118.00016</xmin><ymin>253.000062</ymin><xmax>203.00016</xmax><ymax>307.00019000000003</ymax></bndbox></object></annotations>