<annotations><filename>1372.jpg</filename><folder>images</folder><size><width>320</width><height>427</height><depth>3</depth></size><object><name>wound</name><pose>Unspecified</pose><truncated>0</truncated><difficult>0</difficult><bndbox><xmin>110.0</xmin><ymin>123.999946</ymin><xmax>186.0</xmax><ymax>225.99999799999998</ymax></bndbox></object><object><name>wound</name><pose>Unspecified</pose><truncated>0</truncated><difficult>0</difficult><bndbox><xmin>128.99984</xmin><ymin>243.00014900000002</ymin><xmax>189.99984</xmax><ymax>293.00014100000004</ymax></bndbox></object><object><name>wound</name><pose>Unspecified</pose><truncated>0</truncated><difficult>0</difficult><bndbox><xmin>240.0</xmin><ymin>211.999949</ymin><xmax>288.0</xmax><ymax>266.000077</ymax></bndbox></object></annotations>