<annotations><filename>1384.jpg</filename><folder>images</folder><size><width>320</width><height>427</height><depth>3</depth></size><object><name>wound</name><pose>Unspecified</pose><truncated>0</truncated><difficult>0</difficult><bndbox><xmin>49.0</xmin><ymin>147.99990799999998</ymin><xmax>87.0</xmax><ymax>195.999832</ymax></bndbox></object><object><name>wound</name><pose>Unspecified</pose><truncated>0</truncated><difficult>0</difficult><bndbox><xmin>131.0</xmin><ymin>153.00007800000003</ymin><xmax>211.0</xmax><ymax>223.99993</ymax></bndbox></object><object><name>wound</name><pose>Unspecified</pose><truncated>0</truncated><difficult>0</difficult><bndbox><xmin>181.99984</xmin><ymin>56.999803</ymin><xmax>240.99984</xmax><ymax>108.99986299999999</ymax></bndbox></object></annotations>