<annotations><filename>1394.jpg</filename><folder>images</folder><size><width>320</width><height>427</height><depth>3</depth></size><object><name>wound</name><pose>Unspecified</pose><truncated>0</truncated><difficult>0</difficult><bndbox><xmin>80.00016000000001</xmin><ymin>154.000112</ymin><xmax>133.00016</xmax><ymax>228.000066</ymax></bndbox></object><object><name>wound</name><pose>Unspecified</pose><truncated>0</truncated><difficult>0</difficult><bndbox><xmin>124.99984</xmin><ymin>75.00020150000002</ymin><xmax>199.99984</xmax><ymax>158.00003450000003</ymax></bndbox></object><object><name>wound</name><pose>Unspecified</pose><truncated>0</truncated><difficult>0</difficult><bndbox><xmin>158.99984</xmin><ymin>201.000002</ymin><xmax>219.99984</xmax><ymax>257.000198</ymax></bndbox></object></annotations>