<annotations><filename>1399.jpg</filename><folder>images</folder><size><width>320</width><height>427</height><depth>3</depth></size><object><name>wound</name><pose>Unspecified</pose><truncated>0</truncated><difficult>0</difficult><bndbox><xmin>35.99984</xmin><ymin>168.000161</ymin><xmax>90.99984</xmax><ymax>245.00021700000002</ymax></bndbox></object><object><name>wound</name><pose>Unspecified</pose><truncated>0</truncated><difficult>0</difficult><bndbox><xmin>151.99984</xmin><ymin>217.99993949999998</ymin><xmax>220.99984</xmax><ymax>258.0000185</ymax></bndbox></object><object><name>wound</name><pose>Unspecified</pose><truncated>0</truncated><difficult>0</difficult><bndbox><xmin>212.99984</xmin><ymin>204.99992450000002</ymin><xmax>265.99984</xmax><ymax>242.9999355</ymax></bndbox></object></annotations>