<annotations><filename>1411.jpg</filename><folder>images</folder><size><width>320</width><height>427</height><depth>3</depth></size><object><name>wound</name><pose>Unspecified</pose><truncated>0</truncated><difficult>0</difficult><bndbox><xmin>123.0</xmin><ymin>166.9999135</ymin><xmax>203.0</xmax><ymax>233.0000225</ymax></bndbox></object><object><name>wound</name><pose>Unspecified</pose><truncated>0</truncated><difficult>0</difficult><bndbox><xmin>195.0</xmin><ymin>51.99984650000001</ymin><xmax>235.0</xmax><ymax>111.9997515</ymax></bndbox></object></annotations>