<annotations><filename>1414.jpg</filename><folder>images</folder><size><width>320</width><height>427</height><depth>3</depth></size><object><name>wound</name><pose>Unspecified</pose><truncated>0</truncated><difficult>0</difficult><bndbox><xmin>98.99983999999999</xmin><ymin>152.9998645</ymin><xmax>145.99984</xmax><ymax>245.0000035</ymax></bndbox></object><object><name>wound</name><pose>Unspecified</pose><truncated>0</truncated><difficult>0</difficult><bndbox><xmin>173.0</xmin><ymin>190.00005499999997</ymin><xmax>217.0</xmax><ymax>246.000251</ymax></bndbox></object></annotations>