<annotations><filename>1415.jpg</filename><folder>images</folder><size><width>320</width><height>427</height><depth>3</depth></size><object><name>wound</name><pose>Unspecified</pose><truncated>0</truncated><difficult>0</difficult><bndbox><xmin>123.0</xmin><ymin>82.0000125</ymin><xmax>199.0</xmax><ymax>163.9998115</ymax></bndbox></object><object><name>wound</name><pose>Unspecified</pose><truncated>0</truncated><difficult>0</difficult><bndbox><xmin>95.0</xmin><ymin>181.99999649999998</ymin><xmax>159.0</xmax><ymax>288.9997915</ymax></bndbox></object><object><name>wound</name><pose>Unspecified</pose><truncated>0</truncated><difficult>0</difficult><bndbox><xmin>159.99984</xmin><ymin>192.00012299999997</ymin><xmax>258.99984</xmax><ymax>268.000145</ymax></bndbox></object></annotations>