<annotations><filename>1423.jpg</filename><folder>images</folder><size><width>320</width><height>427</height><depth>3</depth></size><object><name>wound</name><pose>Unspecified</pose><truncated>0</truncated><difficult>0</difficult><bndbox><xmin>76.0</xmin><ymin>113.00021249999999</ymin><xmax>128.0</xmax><ymax>149.00015549999998</ymax></bndbox></object><object><name>wound</name><pose>Unspecified</pose><truncated>0</truncated><difficult>0</difficult><bndbox><xmin>92.0</xmin><ymin>154.9999325</ymin><xmax>148.0</xmax><ymax>223.0001095</ymax></bndbox></object></annotations>