<annotations><filename>1424.jpg</filename><folder>images</folder><size><width>320</width><height>427</height><depth>3</depth></size><object><name>wound</name><pose>Unspecified</pose><truncated>0</truncated><difficult>0</difficult><bndbox><xmin>109.99984</xmin><ymin>241.99990149999996</ymin><xmax>154.99984</xmax><ymax>304.99990849999995</ymax></bndbox></object><object><name>wound</name><pose>Unspecified</pose><truncated>0</truncated><difficult>0</difficult><bndbox><xmin>143.0</xmin><ymin>173.00011749999996</ymin><xmax>207.0</xmax><ymax>287.00015049999996</ymax></bndbox></object></annotations>