<annotations><filename>1427.jpg</filename><folder>images</folder><size><width>320</width><height>240</height><depth>3</depth></size><object><name>wound</name><pose>Unspecified</pose><truncated>0</truncated><difficult>0</difficult><bndbox><xmin>160.0</xmin><ymin>108.0</ymin><xmax>194.0</xmax><ymax>144.0</ymax></bndbox></object><object><name>wound</name><pose>Unspecified</pose><truncated>0</truncated><difficult>0</difficult><bndbox><xmin>173.99984</xmin><ymin>77.00004</ymin><xmax>210.99984</xmax><ymax>117.99996</ymax></bndbox></object></annotations>