<annotations><filename>1428.jpg</filename><folder>images</folder><size><width>320</width><height>427</height><depth>3</depth></size><object><name>wound</name><pose>Unspecified</pose><truncated>0</truncated><difficult>0</difficult><bndbox><xmin>51.0</xmin><ymin>170.999836</ymin><xmax>89.0</xmax><ymax>222.999896</ymax></bndbox></object><object><name>wound</name><pose>Unspecified</pose><truncated>0</truncated><difficult>0</difficult><bndbox><xmin>132.00016</xmin><ymin>129.9999365</ymin><xmax>259.00016</xmax><ymax>216.9999055</ymax></bndbox></object><object><name>wound</name><pose>Unspecified</pose><truncated>0</truncated><difficult>0</difficult><bndbox><xmin>145.00016</xmin><ymin>28.000311499999995</ymin><xmax>206.00016</xmax><ymax>85.0001145</ymax></bndbox></object></annotations>