<annotations><filename>1431.jpg</filename><folder>images</folder><size><width>320</width><height>427</height><depth>3</depth></size><object><name>wound</name><pose>Unspecified</pose><truncated>0</truncated><difficult>0</difficult><bndbox><xmin>46.000159999999994</xmin><ymin>147.999908</ymin><xmax>195.00016</xmax><ymax>253.000062</ymax></bndbox></object><object><name>wound</name><pose>Unspecified</pose><truncated>0</truncated><difficult>0</difficult><bndbox><xmin>187.00016</xmin><ymin>252.00002800000004</ymin><xmax>240.00016</xmax><ymax>280.000126</ymax></bndbox></object></annotations>